"Lang","List","ID","Size","Orientation","Match","RT","ACC"
"C","C_List01.csv","1","L","H","N",671.5,100
"C","C_List01.csv","1","L","H","Y",683,100
"C","C_List01.csv","1","L","V","N",688.5,100
"C","C_List01.csv","1","L","V","Y",692,100
"C","C_List01.csv","1","S","H","N",769,87.5
"C","C_List01.csv","1","S","H","Y",597.5,100
"C","C_List01.csv","1","S","V","N",538,87.5
"C","C_List01.csv","1","S","V","Y",643.5,100
"C","C_List01.csv","11","L","H","N",719,87.5
"C","C_List01.csv","11","L","H","Y",789,87.5
"C","C_List01.csv","11","L","V","N",758,100
"C","C_List01.csv","11","L","V","Y",730,100
"C","C_List01.csv","11","S","H","N",692.5,100
"C","C_List01.csv","11","S","H","Y",905,87.5
"C","C_List01.csv","11","S","V","N",614,87.5
"C","C_List01.csv","11","S","V","Y",803,87.5
"C","C_List01.csv","12","L","H","N",835,87.5
"C","C_List01.csv","12","L","H","Y",710,87.5
"C","C_List01.csv","12","L","V","N",690,75
"C","C_List01.csv","12","L","V","Y",825,87.5
"C","C_List01.csv","12","S","H","N",708.5,100
"C","C_List01.csv","12","S","H","Y",739,75
"C","C_List01.csv","12","S","V","N",631,87.5
"C","C_List01.csv","12","S","V","Y",641,87.5
"C","C_List01.csv","19","L","H","N",711.5,100
"C","C_List01.csv","19","L","H","Y",795,87.5
"C","C_List01.csv","19","L","V","N",734.5,100
"C","C_List01.csv","19","L","V","Y",564,87.5
"C","C_List01.csv","19","S","H","N",722,100
"C","C_List01.csv","19","S","H","Y",670,75
"C","C_List01.csv","19","S","V","N",659,87.5
"C","C_List01.csv","19","S","V","Y",658,87.5
"C","C_List01.csv","20","L","H","N",693,87.5
"C","C_List01.csv","20","L","H","Y",703,87.5
"C","C_List01.csv","20","L","V","N",779,100
"C","C_List01.csv","20","L","V","Y",679.5,100
"C","C_List01.csv","20","S","H","N",613.5,100
"C","C_List01.csv","20","S","H","Y",746.5,100
"C","C_List01.csv","20","S","V","N",705,87.5
"C","C_List01.csv","20","S","V","Y",611,100
"C","C_List01.csv","25","L","H","N",675,87.5
"C","C_List01.csv","25","L","H","Y",677,100
"C","C_List01.csv","25","L","V","N",633.5,75
"C","C_List01.csv","25","L","V","Y",594,100
"C","C_List01.csv","25","S","H","N",589,75
"C","C_List01.csv","25","S","H","Y",728,100
"C","C_List01.csv","25","S","V","N",531.5,100
"C","C_List01.csv","25","S","V","Y",530.5,100
"C","C_List01.csv","30","L","H","N",624,100
"C","C_List01.csv","30","L","H","Y",633.5,75
"C","C_List01.csv","30","L","V","N",770,87.5
"C","C_List01.csv","30","L","V","Y",517,75
"C","C_List01.csv","30","S","H","N",824,62.5
"C","C_List01.csv","30","S","H","Y",670,87.5
"C","C_List01.csv","30","S","V","N",616,87.5
"C","C_List01.csv","30","S","V","Y",567,87.5
"C","C_List01.csv","35","L","H","N",944,100
"C","C_List01.csv","35","L","H","Y",833.5,75
"C","C_List01.csv","35","L","V","N",821.5,100
"C","C_List01.csv","35","L","V","Y",677.5,75
"C","C_List01.csv","35","S","H","N",893,75
"C","C_List01.csv","35","S","H","Y",805.5,100
"C","C_List01.csv","35","S","V","N",695,87.5
"C","C_List01.csv","35","S","V","Y",725,100
"C","C_List01.csv","36","L","H","N",623,100
"C","C_List01.csv","36","L","H","Y",645,100
"C","C_List01.csv","36","L","V","N",781,100
"C","C_List01.csv","36","L","V","Y",522,100
"C","C_List01.csv","36","S","H","N",613,100
"C","C_List01.csv","36","S","H","Y",490,87.5
"C","C_List01.csv","36","S","V","N",503,100
"C","C_List01.csv","36","S","V","Y",509,100
"C","C_List01.csv","41","L","H","N",705.5,100
"C","C_List01.csv","41","L","H","Y",674,100
"C","C_List01.csv","41","L","V","N",609,100
"C","C_List01.csv","41","L","V","Y",625,100
"C","C_List01.csv","41","S","H","N",640,100
"C","C_List01.csv","41","S","H","Y",656,100
"C","C_List01.csv","41","S","V","N",583,87.5
"C","C_List01.csv","41","S","V","Y",624,87.5
"C","C_List01.csv","46","L","H","N",919.5,100
"C","C_List01.csv","46","L","H","Y",601,87.5
"C","C_List01.csv","46","L","V","N",724,100
"C","C_List01.csv","46","L","V","Y",746,87.5
"C","C_List01.csv","46","S","H","N",750,100
"C","C_List01.csv","46","S","H","Y",665,87.5
"C","C_List01.csv","46","S","V","N",941,87.5
"C","C_List01.csv","46","S","V","Y",590,75
"C","C_List01.csv","6","L","H","N",747.5,75
"C","C_List01.csv","6","L","H","Y",745,87.5
"C","C_List01.csv","6","L","V","N",764,100
"C","C_List01.csv","6","L","V","Y",790,100
"C","C_List01.csv","6","S","H","N",680,87.5
"C","C_List01.csv","6","S","H","Y",577,100
"C","C_List01.csv","6","S","V","N",610,75
"C","C_List01.csv","6","S","V","Y",570,87.5
"C","C_List02.csv","13","L","H","N",858,87.5
"C","C_List02.csv","13","L","H","Y",826.5,100
"C","C_List02.csv","13","L","V","N",774,100
"C","C_List02.csv","13","L","V","Y",754,100
"C","C_List02.csv","13","S","H","N",668.5,75
"C","C_List02.csv","13","S","H","Y",710.5,100
"C","C_List02.csv","13","S","V","N",601.5,100
"C","C_List02.csv","13","S","V","Y",698,100
"C","C_List02.csv","2","L","H","N",750,75
"C","C_List02.csv","2","L","H","Y",976,62.5
"C","C_List02.csv","2","L","V","N",628,87.5
"C","C_List02.csv","2","L","V","Y",900,62.5
"C","C_List02.csv","2","S","H","N",689,62.5
"C","C_List02.csv","2","S","H","Y",781,87.5
"C","C_List02.csv","2","S","V","N",860,100
"C","C_List02.csv","2","S","V","Y",769,100
"C","C_List02.csv","21","L","H","N",526.5,75
"C","C_List02.csv","21","L","H","Y",552,100
"C","C_List02.csv","21","L","V","N",581,87.5
"C","C_List02.csv","21","L","V","Y",615,100
"C","C_List02.csv","21","S","H","N",566.5,75
"C","C_List02.csv","21","S","H","Y",547,87.5
"C","C_List02.csv","21","S","V","N",532,87.5
"C","C_List02.csv","21","S","V","Y",522,100
"C","C_List02.csv","26","L","H","N",615,100
"C","C_List02.csv","26","L","H","Y",685.5,75
"C","C_List02.csv","26","L","V","N",716,100
"C","C_List02.csv","26","L","V","Y",728,100
"C","C_List02.csv","26","S","H","N",558,100
"C","C_List02.csv","26","S","H","Y",733,87.5
"C","C_List02.csv","26","S","V","N",479.5,75
"C","C_List02.csv","26","S","V","Y",566.5,100
"C","C_List02.csv","31","L","H","N",538,87.5
"C","C_List02.csv","31","L","H","Y",597.5,100
"C","C_List02.csv","31","L","V","N",557.5,100
"C","C_List02.csv","31","L","V","Y",677,100
"C","C_List02.csv","31","S","H","N",643.5,100
"C","C_List02.csv","31","S","H","Y",546.5,75
"C","C_List02.csv","31","S","V","N",522,100
"C","C_List02.csv","31","S","V","Y",577,87.5
"C","C_List02.csv","32","L","H","N",901,87.5
"C","C_List02.csv","32","L","H","Y",545,87.5
"C","C_List02.csv","32","L","V","N",659,100
"C","C_List02.csv","32","L","V","Y",674,87.5
"C","C_List02.csv","32","S","H","N",674,100
"C","C_List02.csv","32","S","H","Y",611,87.5
"C","C_List02.csv","32","S","V","N",600,100
"C","C_List02.csv","32","S","V","Y",725,87.5
"C","C_List02.csv","37","L","H","N",1196,87.5
"C","C_List02.csv","37","L","H","Y",871,87.5
"C","C_List02.csv","37","L","V","N",889,100
"C","C_List02.csv","37","L","V","Y",1255.5,100
"C","C_List02.csv","37","S","H","N",756.5,100
"C","C_List02.csv","37","S","H","Y",656,87.5
"C","C_List02.csv","37","S","V","N",692,62.5
"C","C_List02.csv","37","S","V","Y",802,100
"C","C_List02.csv","42","L","H","N",731,100
"C","C_List02.csv","42","L","H","Y",635,62.5
"C","C_List02.csv","42","L","V","N",594,100
"C","C_List02.csv","42","L","V","Y",545.5,100
"C","C_List02.csv","42","S","H","N",608.5,100
"C","C_List02.csv","42","S","H","Y",560.5,75
"C","C_List02.csv","42","S","V","N",526,100
"C","C_List02.csv","42","S","V","Y",582,87.5
"C","C_List02.csv","47","L","H","N",749,87.5
"C","C_List02.csv","47","L","H","Y",744,100
"C","C_List02.csv","47","L","V","N",635.5,100
"C","C_List02.csv","47","L","V","Y",838,100
"C","C_List02.csv","47","S","H","N",674,100
"C","C_List02.csv","47","S","H","Y",542,87.5
"C","C_List02.csv","47","S","V","N",644,87.5
"C","C_List02.csv","47","S","V","Y",731,100
"C","C_List02.csv","48","L","H","N",754.5,100
"C","C_List02.csv","48","L","H","Y",725.5,100
"C","C_List02.csv","48","L","V","N",831.5,100
"C","C_List02.csv","48","L","V","Y",747,100
"C","C_List02.csv","48","S","H","N",713.5,100
"C","C_List02.csv","48","S","H","Y",683,100
"C","C_List02.csv","48","S","V","N",650.5,100
"C","C_List02.csv","48","S","V","Y",861,100
"C","C_List02.csv","7","L","H","N",659,100
"C","C_List02.csv","7","L","H","Y",735.5,100
"C","C_List02.csv","7","L","V","N",652,87.5
"C","C_List02.csv","7","L","V","Y",632,87.5
"C","C_List02.csv","7","S","H","N",637.5,100
"C","C_List02.csv","7","S","H","Y",734,87.5
"C","C_List02.csv","7","S","V","N",596,87.5
"C","C_List02.csv","7","S","V","Y",750,100
"C","C_List02.csv","8","L","H","N",560.5,100
"C","C_List02.csv","8","L","H","Y",513.5,100
"C","C_List02.csv","8","L","V","N",566,87.5
"C","C_List02.csv","8","L","V","Y",588.5,100
"C","C_List02.csv","8","S","H","N",491,100
"C","C_List02.csv","8","S","H","Y",511,100
"C","C_List02.csv","8","S","V","N",510.5,100
"C","C_List02.csv","8","S","V","Y",617,100
"C","C_List03.csv","14","L","H","N",565,87.5
"C","C_List03.csv","14","L","H","Y",717,100
"C","C_List03.csv","14","L","V","N",719.5,75
"C","C_List03.csv","14","L","V","Y",790,87.5
"C","C_List03.csv","14","S","H","N",583,75
"C","C_List03.csv","14","S","H","Y",659.5,100
"C","C_List03.csv","14","S","V","N",587.5,100
"C","C_List03.csv","14","S","V","Y",671,100
"C","C_List03.csv","17","L","H","N",741,62.5
"C","C_List03.csv","17","L","H","Y",693.5,100
"C","C_List03.csv","17","L","V","N",794.5,100
"C","C_List03.csv","17","L","V","Y",834,100
"C","C_List03.csv","17","S","H","N",762.5,100
"C","C_List03.csv","17","S","H","Y",629,87.5
"C","C_List03.csv","17","S","V","N",732,100
"C","C_List03.csv","17","S","V","Y",700.5,100
"C","C_List03.csv","22","L","H","N",956,75
"C","C_List03.csv","22","L","H","Y",954,100
"C","C_List03.csv","22","L","V","N",890,75
"C","C_List03.csv","22","L","V","Y",886.5,75
"C","C_List03.csv","22","S","H","N",786,50
"C","C_List03.csv","22","S","H","Y",797,87.5
"C","C_List03.csv","22","S","V","N",782,87.5
"C","C_List03.csv","22","S","V","Y",889,87.5
"C","C_List03.csv","27","L","H","N",558.5,100
"C","C_List03.csv","27","L","H","Y",519,87.5
"C","C_List03.csv","27","L","V","N",613,87.5
"C","C_List03.csv","27","L","V","Y",617,100
"C","C_List03.csv","27","S","H","N",493.5,75
"C","C_List03.csv","27","S","H","Y",544,100
"C","C_List03.csv","27","S","V","N",628,87.5
"C","C_List03.csv","27","S","V","Y",611,100
"C","C_List03.csv","28","L","H","N",548,87.5
"C","C_List03.csv","28","L","H","Y",595,87.5
"C","C_List03.csv","28","L","V","N",649,87.5
"C","C_List03.csv","28","L","V","Y",570,100
"C","C_List03.csv","28","S","H","N",533.5,100
"C","C_List03.csv","28","S","H","Y",470,87.5
"C","C_List03.csv","28","S","V","N",483,87.5
"C","C_List03.csv","28","S","V","Y",446,87.5
"C","C_List03.csv","3","L","H","N",805,87.5
"C","C_List03.csv","3","L","H","Y",655.5,100
"C","C_List03.csv","3","L","V","N",812.5,100
"C","C_List03.csv","3","L","V","Y",879,100
"C","C_List03.csv","3","S","H","N",739,75
"C","C_List03.csv","3","S","H","Y",752,100
"C","C_List03.csv","3","S","V","N",711,87.5
"C","C_List03.csv","3","S","V","Y",709.5,100
"C","C_List03.csv","33","L","H","N",563,87.5
"C","C_List03.csv","33","L","H","Y",794.5,100
"C","C_List03.csv","33","L","V","N",703,87.5
"C","C_List03.csv","33","L","V","Y",848.5,100
"C","C_List03.csv","33","S","H","N",639,62.5
"C","C_List03.csv","33","S","H","Y",551,100
"C","C_List03.csv","33","S","V","N",605,100
"C","C_List03.csv","33","S","V","Y",717,100
"C","C_List03.csv","38","L","H","N",703,87.5
"C","C_List03.csv","38","L","H","Y",593.5,100
"C","C_List03.csv","38","L","V","N",749,100
"C","C_List03.csv","38","L","V","Y",588,87.5
"C","C_List03.csv","38","S","H","N",621,87.5
"C","C_List03.csv","38","S","H","Y",748,87.5
"C","C_List03.csv","38","S","V","N",506,87.5
"C","C_List03.csv","38","S","V","Y",665,100
"C","C_List03.csv","4","L","H","N",642,87.5
"C","C_List03.csv","4","L","H","Y",810,100
"C","C_List03.csv","4","L","V","N",762,87.5
"C","C_List03.csv","4","L","V","Y",653.5,100
"C","C_List03.csv","4","S","H","N",535,87.5
"C","C_List03.csv","4","S","H","Y",581.5,100
"C","C_List03.csv","4","S","V","N",630,100
"C","C_List03.csv","4","S","V","Y",542,87.5
"C","C_List03.csv","43","L","H","N",888.5,100
"C","C_List03.csv","43","L","H","Y",850,87.5
"C","C_List03.csv","43","L","V","N",927,87.5
"C","C_List03.csv","43","L","V","Y",883,62.5
"C","C_List03.csv","43","S","H","N",687,100
"C","C_List03.csv","43","S","H","Y",753,87.5
"C","C_List03.csv","43","S","V","N",801,87.5
"C","C_List03.csv","43","S","V","Y",812,100
"C","C_List03.csv","44","L","H","N",554.5,100
"C","C_List03.csv","44","L","H","Y",524,100
"C","C_List03.csv","44","L","V","N",785,100
"C","C_List03.csv","44","L","V","Y",678.5,100
"C","C_List03.csv","44","S","H","N",534.5,100
"C","C_List03.csv","44","S","H","Y",526.5,100
"C","C_List03.csv","44","S","V","N",572,100
"C","C_List03.csv","44","S","V","Y",651,100
"C","C_List03.csv","49","L","H","N",672,100
"C","C_List03.csv","49","L","H","Y",657.5,100
"C","C_List03.csv","49","L","V","N",600,75
"C","C_List03.csv","49","L","V","Y",861,87.5
"C","C_List03.csv","49","S","H","N",595.5,75
"C","C_List03.csv","49","S","H","Y",664.5,100
"C","C_List03.csv","49","S","V","N",617.5,100
"C","C_List03.csv","49","S","V","Y",612.5,100
"C","C_List03.csv","9","L","H","N",609,100
"C","C_List03.csv","9","L","H","Y",560,87.5
"C","C_List03.csv","9","L","V","N",616.5,100
"C","C_List03.csv","9","L","V","Y",787,100
"C","C_List03.csv","9","S","H","N",622.5,100
"C","C_List03.csv","9","S","H","Y",581.5,100
"C","C_List03.csv","9","S","V","N",574,100
"C","C_List03.csv","9","S","V","Y",593.5,100
"C","C_List04.csv","10","L","H","N",650,87.5
"C","C_List04.csv","10","L","H","Y",676.5,100
"C","C_List04.csv","10","L","V","N",639,87.5
"C","C_List04.csv","10","L","V","Y",654.5,100
"C","C_List04.csv","10","S","H","N",569.5,75
"C","C_List04.csv","10","S","H","Y",554,100
"C","C_List04.csv","10","S","V","N",556.5,100
"C","C_List04.csv","10","S","V","Y",704.5,100
"C","C_List04.csv","15","L","H","N",505.5,75
"C","C_List04.csv","15","L","H","Y",554.5,100
"C","C_List04.csv","15","L","V","N",525,87.5
"C","C_List04.csv","15","L","V","Y",512.5,100
"C","C_List04.csv","15","S","H","N",498,62.5
"C","C_List04.csv","15","S","H","Y",541,100
"C","C_List04.csv","15","S","V","N",483.5,75
"C","C_List04.csv","15","S","V","Y",430,87.5
"C","C_List04.csv","16","L","H","N",612,100
"C","C_List04.csv","16","L","H","Y",659,100
"C","C_List04.csv","16","L","V","N",637,87.5
"C","C_List04.csv","16","L","V","Y",570,100
"C","C_List04.csv","16","S","H","N",583,100
"C","C_List04.csv","16","S","H","Y",607,100
"C","C_List04.csv","16","S","V","N",624.5,100
"C","C_List04.csv","16","S","V","Y",607,87.5
"C","C_List04.csv","18","L","H","N",549,100
"C","C_List04.csv","18","L","H","Y",658,87.5
"C","C_List04.csv","18","L","V","N",637,100
"C","C_List04.csv","18","L","V","Y",535,87.5
"C","C_List04.csv","18","S","H","N",548,100
"C","C_List04.csv","18","S","H","Y",488.5,100
"C","C_List04.csv","18","S","V","N",547.5,100
"C","C_List04.csv","18","S","V","Y",521.5,100
"C","C_List04.csv","23","L","H","N",885.5,100
"C","C_List04.csv","23","L","H","Y",803,100
"C","C_List04.csv","23","L","V","N",736,87.5
"C","C_List04.csv","23","L","V","Y",660,62.5
"C","C_List04.csv","23","S","H","N",689,75
"C","C_List04.csv","23","S","H","Y",679,87.5
"C","C_List04.csv","23","S","V","N",597,100
"C","C_List04.csv","23","S","V","Y",671,100
"C","C_List04.csv","24","L","H","N",513.5,100
"C","C_List04.csv","24","L","H","Y",593,87.5
"C","C_List04.csv","24","L","V","N",673,87.5
"C","C_List04.csv","24","L","V","Y",723,100
"C","C_List04.csv","24","S","H","N",712,87.5
"C","C_List04.csv","24","S","H","Y",630,87.5
"C","C_List04.csv","24","S","V","N",588.5,100
"C","C_List04.csv","24","S","V","Y",514,87.5
"C","C_List04.csv","29","L","H","N",771,87.5
"C","C_List04.csv","29","L","H","Y",819.5,100
"C","C_List04.csv","29","L","V","N",577,100
"C","C_List04.csv","29","L","V","Y",761.5,100
"C","C_List04.csv","29","S","H","N",524,87.5
"C","C_List04.csv","29","S","H","Y",766,87.5
"C","C_List04.csv","29","S","V","N",530,87.5
"C","C_List04.csv","29","S","V","Y",750.5,100
"C","C_List04.csv","34","L","H","N",606.5,100
"C","C_List04.csv","34","L","H","Y",561.5,100
"C","C_List04.csv","34","L","V","N",567,100
"C","C_List04.csv","34","L","V","Y",627.5,100
"C","C_List04.csv","34","S","H","N",630,75
"C","C_List04.csv","34","S","H","Y",503,75
"C","C_List04.csv","34","S","V","N",533,62.5
"C","C_List04.csv","34","S","V","Y",649,87.5
"C","C_List04.csv","39","L","H","N",822,87.5
"C","C_List04.csv","39","L","H","Y",893,100
"C","C_List04.csv","39","L","V","N",796,87.5
"C","C_List04.csv","39","L","V","Y",698.5,75
"C","C_List04.csv","39","S","H","N",739,87.5
"C","C_List04.csv","39","S","H","Y",692,100
"C","C_List04.csv","39","S","V","N",794,100
"C","C_List04.csv","39","S","V","Y",655,87.5
"C","C_List04.csv","40","L","H","N",765,100
"C","C_List04.csv","40","L","H","Y",651,87.5
"C","C_List04.csv","40","L","V","N",729,75
"C","C_List04.csv","40","L","V","Y",807,100
"C","C_List04.csv","40","S","H","N",641.5,100
"C","C_List04.csv","40","S","H","Y",746.5,100
"C","C_List04.csv","40","S","V","N",676,87.5
"C","C_List04.csv","40","S","V","Y",651,75
"C","C_List04.csv","45","L","H","N",704,100
"C","C_List04.csv","45","L","H","Y",634.5,100
"C","C_List04.csv","45","L","V","N",741,62.5
"C","C_List04.csv","45","L","V","Y",549,87.5
"C","C_List04.csv","45","S","H","N",607.5,100
"C","C_List04.csv","45","S","H","Y",558.5,75
"C","C_List04.csv","45","S","V","N",619,62.5
"C","C_List04.csv","45","S","V","Y",487.5,75
"C","C_List04.csv","5","L","H","N",434,100
"C","C_List04.csv","5","L","H","Y",561,100
"C","C_List04.csv","5","L","V","N",552.5,100
"C","C_List04.csv","5","L","V","Y",523.5,100
"C","C_List04.csv","5","S","H","N",500,87.5
"C","C_List04.csv","5","S","H","Y",545,100
"C","C_List04.csv","5","S","V","N",500.5,100
"C","C_List04.csv","5","S","V","Y",435.5,100
"D","D_List01.csv","3","L","H","N",585,87.5
"D","D_List01.csv","3","L","H","Y",579,87.5
"D","D_List01.csv","3","L","V","N",620,100
"D","D_List01.csv","3","L","V","Y",587,75
"D","D_List01.csv","3","S","H","N",625,100
"D","D_List01.csv","3","S","H","Y",550.5,75
"D","D_List01.csv","3","S","V","N",569.5,100
"D","D_List01.csv","3","S","V","Y",540,87.5
"D","D_List01.csv","4","L","H","N",563.5,100
"D","D_List01.csv","4","L","H","Y",638,100
"D","D_List01.csv","4","L","V","N",660,100
"D","D_List01.csv","4","L","V","Y",700.5,100
"D","D_List01.csv","4","S","H","N",567.5,100
"D","D_List01.csv","4","S","H","Y",531.5,100
"D","D_List01.csv","4","S","V","N",564.5,100
"D","D_List01.csv","4","S","V","Y",471,87.5
"D","D_List01.csv","9","L","H","N",735,100
"D","D_List01.csv","9","L","H","Y",618.5,100
"D","D_List01.csv","9","L","V","N",660,100
"D","D_List01.csv","9","L","V","Y",742,87.5
"D","D_List01.csv","9","S","H","N",620.5,100
"D","D_List01.csv","9","S","H","Y",646.5,100
"D","D_List01.csv","9","S","V","N",826,100
"D","D_List01.csv","9","S","V","Y",587,87.5
"D","D_List02.csv","10","L","H","N",853,87.5
"D","D_List02.csv","10","L","H","Y",700.5,100
"D","D_List02.csv","10","L","V","N",699,100
"D","D_List02.csv","10","L","V","Y",640.5,100
"D","D_List02.csv","10","S","H","N",650,100
"D","D_List02.csv","10","S","H","Y",718,100
"D","D_List02.csv","10","S","V","N",587,100
"D","D_List02.csv","10","S","V","Y",610,100
"D","D_List02.csv","5","L","H","N",847.5,100
"D","D_List02.csv","5","L","H","Y",874.5,100
"D","D_List02.csv","5","L","V","N",914,100
"D","D_List02.csv","5","L","V","Y",991.5,100
"D","D_List02.csv","5","S","H","N",854,87.5
"D","D_List02.csv","5","S","H","Y",869.5,100
"D","D_List02.csv","5","S","V","N",852,87.5
"D","D_List02.csv","5","S","V","Y",914,100
"D","D_List03.csv","1","L","H","N",502.5,75
"D","D_List03.csv","1","L","H","Y",562.5,100
"D","D_List03.csv","1","L","V","N",509.5,100
"D","D_List03.csv","1","L","V","Y",502,87.5
"D","D_List03.csv","1","S","H","N",505.5,100
"D","D_List03.csv","1","S","H","Y",503.5,75
"D","D_List03.csv","1","S","V","N",526.5,100
"D","D_List03.csv","1","S","V","Y",484,75
"D","D_List03.csv","11","L","H","N",606,100
"D","D_List03.csv","11","L","H","Y",679,100
"D","D_List03.csv","11","L","V","N",656,100
"D","D_List03.csv","11","L","V","Y",667,87.5
"D","D_List03.csv","11","S","H","N",552,87.5
"D","D_List03.csv","11","S","H","Y",616,100
"D","D_List03.csv","11","S","V","N",572,100
"D","D_List03.csv","11","S","V","Y",519.5,75
"D","D_List03.csv","6","L","H","N",582,87.5
"D","D_List03.csv","6","L","H","Y",577,100
"D","D_List03.csv","6","L","V","N",657.5,100
"D","D_List03.csv","6","L","V","Y",635,100
"D","D_List03.csv","6","S","H","N",540,87.5
"D","D_List03.csv","6","S","H","Y",472,87.5
"D","D_List03.csv","6","S","V","N",579,87.5
"D","D_List03.csv","6","S","V","Y",625.5,100
"D","D_List04.csv","2","L","H","N",724,100
"D","D_List04.csv","2","L","H","Y",780,87.5
"D","D_List04.csv","2","L","V","N",773,87.5
"D","D_List04.csv","2","L","V","Y",662,87.5
"D","D_List04.csv","2","S","H","N",675,87.5
"D","D_List04.csv","2","S","H","Y",710,75
"D","D_List04.csv","2","S","V","N",725.5,100
"D","D_List04.csv","2","S","V","Y",651,100
"D","D_List04.csv","7","L","H","N",665.5,100
"D","D_List04.csv","7","L","H","Y",835,100
"D","D_List04.csv","7","L","V","N",989,100
"D","D_List04.csv","7","L","V","Y",702,87.5
"D","D_List04.csv","7","S","H","N",656,87.5
"D","D_List04.csv","7","S","H","Y",679.5,100
"D","D_List04.csv","7","S","V","N",746,87.5
"D","D_List04.csv","7","S","V","Y",627,100
"D","D_List04.csv","8","L","H","N",529,100
"D","D_List04.csv","8","L","H","Y",580,100
"D","D_List04.csv","8","L","V","N",719,75
"D","D_List04.csv","8","L","V","Y",696,87.5
"D","D_List04.csv","8","S","H","N",607.5,100
"D","D_List04.csv","8","S","H","Y",470,87.5
"D","D_List04.csv","8","S","V","N",577,87.5
"D","D_List04.csv","8","S","V","Y",666,87.5
"E","SP_List1","1396603","L","H","N",603.239990234375,50
"E","SP_List1","1396603","L","H","Y",461.72998046875,87.5
"E","SP_List1","1396603","L","V","N",548.445068359375,75
"E","SP_List1","1396603","L","V","Y",508.25244140625,75
"E","SP_List1","1396603","S","H","N",496.1875,75
"E","SP_List1","1396603","S","H","Y",728.574951171875,62.5
"E","SP_List1","1396603","S","V","N",547.682495117188,100
"E","SP_List1","1396603","S","V","Y",538.250122070312,100
"E","SP_List1","1514138","L","H","N",764.614990234375,87.5
"E","SP_List1","1514138","L","H","Y",725.81494140625,100
"E","SP_List1","1514138","L","V","N",679.817504882812,100
"E","SP_List1","1514138","L","V","Y",844.607421875,75
"E","SP_List1","1514138","S","H","N",655.4375,100
"E","SP_List1","1514138","S","H","Y",718.627563476562,100
"E","SP_List1","1514138","S","V","N",651.114990234375,100
"E","SP_List1","1514138","S","V","Y",652.482421875,100
"E","SP_List1","2013973","L","H","N",787.803100585938,100
"E","SP_List1","2013973","L","H","Y",895.742553710938,100
"E","SP_List1","2013973","L","V","N",761.383666992188,100
"E","SP_List1","2013973","L","V","Y",933.458740234375,87.5
"E","SP_List1","2013973","S","H","N",700.817993164062,100
"E","SP_List1","2013973","S","H","Y",682.091186523438,100
"E","SP_List1","2013973","S","V","N",698.894287109375,87.5
"E","SP_List1","2013973","S","V","Y",705.154541015625,100
"E","SP_List1","2041651","L","H","N",849.531005859375,75
"E","SP_List1","2041651","L","H","Y",721.7109375,87.5
"E","SP_List1","2041651","L","V","N",689.5205078125,87.5
"E","SP_List1","2041651","L","V","Y",875.174072265625,87.5
"E","SP_List1","2041651","S","H","N",616.362182617188,100
"E","SP_List1","2041651","S","H","Y",555.812622070312,100
"E","SP_List1","2041651","S","V","N",609.575561523438,100
"E","SP_List1","2041651","S","V","Y",728.582275390625,87.5
"E","SP_List1","2614478","L","H","N",856.574951171875,87.5
"E","SP_List1","2614478","L","H","Y",751.85498046875,87.5
"E","SP_List1","2614478","L","V","N",807.612426757812,100
"E","SP_List1","2614478","L","V","Y",823.917602539062,100
"E","SP_List1","2614478","S","H","N",732.429931640625,100
"E","SP_List1","2614478","S","H","Y",803.530029296875,100
"E","SP_List1","2614478","S","V","N",732.449951171875,100
"E","SP_List1","2614478","S","V","Y",744.484985351562,100
"E","SP_List1","3051308","L","H","N",883.347534179688,100
"E","SP_List1","3051308","L","H","Y",544.519897460938,100
"E","SP_List1","3051308","L","V","N",604.530029296875,100
"E","SP_List1","3051308","L","V","Y",828.970092773438,100
"E","SP_List1","3051308","S","H","N",702.339965820312,100
"E","SP_List1","3051308","S","H","Y",632.474975585938,100
"E","SP_List1","3051308","S","V","N",939.610107421875,100
"E","SP_List1","3051308","S","V","Y",649.242431640625,100
"E","SP_List1","3066829","L","H","N",582.282470703125,100
"E","SP_List1","3066829","L","H","Y",604.5673828125,100
"E","SP_List1","3066829","L","V","N",696.130004882812,75
"E","SP_List1","3066829","L","V","Y",579.324951171875,100
"E","SP_List1","3066829","S","H","N",576.942504882812,100
"E","SP_List1","3066829","S","H","Y",609.695068359375,87.5
"E","SP_List1","3066829","S","V","N",561.300048828125,100
"E","SP_List1","3066829","S","V","Y",519.987426757812,100
"E","SP_List1","3477624","L","H","N",652.954956054688,100
"E","SP_List1","3477624","L","H","Y",613.750122070312,100
"E","SP_List1","3477624","L","V","N",693.009887695312,100
"E","SP_List1","3477624","L","V","Y",723.757446289062,100
"E","SP_List1","3477624","S","H","N",572.130004882812,100
"E","SP_List1","3477624","S","H","Y",649.472534179688,100
"E","SP_List1","3477624","S","V","N",543.33251953125,100
"E","SP_List1","3477624","S","V","Y",580.950073242188,100
"E","SP_List1","3540214","L","H","N",791.414916992188,100
"E","SP_List1","3540214","L","H","Y",906.277465820312,100
"E","SP_List1","3540214","L","V","N",862.947509765625,75
"E","SP_List1","3540214","L","V","Y",848.81494140625,87.5
"E","SP_List1","3540214","S","H","N",785.64990234375,62.5
"E","SP_List1","3540214","S","H","Y",677.922485351562,100
"E","SP_List1","3540214","S","V","N",777.31494140625,100
"E","SP_List1","3540214","S","V","Y",835.065063476562,75
"E","SP_List1","362184","L","H","N",849.489990234375,87.5
"E","SP_List1","362184","L","H","Y",852.869873046875,87.5
"E","SP_List1","362184","L","V","N",684.31005859375,100
"E","SP_List1","362184","L","V","Y",690.5849609375,100
"E","SP_List1","362184","S","H","N",864.717529296875,75
"E","SP_List1","362184","S","H","Y",737.289916992188,75
"E","SP_List1","362184","S","V","N",665.83251953125,100
"E","SP_List1","362184","S","V","Y",626.91748046875,100
"E","SP_List1","3702814","L","H","N",781.49755859375,100
"E","SP_List1","3702814","L","H","Y",520,87.5
"E","SP_List1","3702814","L","V","N",717,87.5
"E","SP_List1","3702814","L","V","Y",571,87.5
"E","SP_List1","3702814","S","H","N",582.5,100
"E","SP_List1","3702814","S","H","Y",646.0048828125,87.5
"E","SP_List1","3702814","S","V","N",735.9951171875,87.5
"E","SP_List1","3702814","S","V","Y",590.4951171875,100
"E","SP_List1","4115814","L","H","N",961.615112304688,100
"E","SP_List1","4115814","L","H","Y",748.2275390625,100
"E","SP_List1","4115814","L","V","N",861.309814453125,87.5
"E","SP_List1","4115814","L","V","Y",794.592529296875,100
"E","SP_List1","4115814","S","H","N",770.875,87.5
"E","SP_List1","4115814","S","H","Y",703.557373046875,100
"E","SP_List1","4115814","S","V","N",816.9150390625,100
"E","SP_List1","4115814","S","V","Y",731.397583007812,100
"E","SP_List1","4370003","L","H","N",741,100
"E","SP_List1","4370003","L","H","Y",741,100
"E","SP_List1","4370003","L","V","N",717.5,100
"E","SP_List1","4370003","L","V","Y",834.5,100
"E","SP_List1","4370003","S","H","N",585,100
"E","SP_List1","4370003","S","H","Y",655,100
"E","SP_List1","4370003","S","V","N",624,87.5
"E","SP_List1","4370003","S","V","Y",608.5,100
"E","SP_List1","4467541","L","H","N",417,87.5
"E","SP_List1","4467541","L","H","Y",351.422485351562,100
"E","SP_List1","4467541","L","V","N",378.052490234375,75
"E","SP_List1","4467541","L","V","Y",294.505126953125,87.5
"E","SP_List1","4467541","S","H","N",306.655029296875,87.5
"E","SP_List1","4467541","S","H","Y",289.735107421875,87.5
"E","SP_List1","4467541","S","V","N",309.892456054688,100
"E","SP_List1","4467541","S","V","Y",274.800048828125,100
"E","SP_List1","4477833","L","H","N",867.342651367188,100
"E","SP_List1","4477833","L","H","Y",863.27001953125,87.5
"E","SP_List1","4477833","L","V","N",637.135009765625,62.5
"E","SP_List1","4477833","L","V","Y",759.432495117188,75
"E","SP_List1","4477833","S","H","N",791.417358398438,100
"E","SP_List1","4477833","S","H","Y",839.64501953125,62.5
"E","SP_List1","4477833","S","V","N",743.145141601562,100
"E","SP_List1","4477833","S","V","Y",943.280029296875,100
"E","SP_List1","4598073","L","H","N",572.885009765625,100
"E","SP_List1","4598073","L","H","Y",514.017456054688,100
"E","SP_List1","4598073","L","V","N",633.882446289062,100
"E","SP_List1","4598073","L","V","Y",658.405029296875,100
"E","SP_List1","4598073","S","H","N",537.32763671875,100
"E","SP_List1","4598073","S","H","Y",497.884887695312,100
"E","SP_List1","4598073","S","V","N",520.215087890625,100
"E","SP_List1","4598073","S","V","Y",539.48486328125,87.5
"E","SP_List1","4636165","L","H","N",728,100
"E","SP_List1","4636165","L","H","Y",663.5,100
"E","SP_List1","4636165","L","V","N",676.5,100
"E","SP_List1","4636165","L","V","Y",743,87.5
"E","SP_List1","4636165","S","H","N",701,87.5
"E","SP_List1","4636165","S","H","Y",736.5,100
"E","SP_List1","4636165","S","V","N",615,87.5
"E","SP_List1","4636165","S","V","Y",637.0048828125,100
"E","SP_List1","4641157","L","H","N",749.455078125,87.5
"E","SP_List1","4641157","L","H","Y",661.24755859375,100
"E","SP_List1","4641157","L","V","N",682.195068359375,87.5
"E","SP_List1","4641157","L","V","Y",616.612548828125,100
"E","SP_List1","4641157","S","H","N",647.135009765625,100
"E","SP_List1","4641157","S","H","Y",628.3798828125,100
"E","SP_List1","4641157","S","V","N",496.429931640625,100
"E","SP_List1","4641157","S","V","Y",632.994995117188,100
"E","SP_List1","5211472","L","H","N",616.992431640625,100
"E","SP_List1","5211472","L","H","Y",591.22998046875,75
"E","SP_List1","5211472","L","V","N",696.239990234375,100
"E","SP_List1","5211472","L","V","Y",593.425048828125,87.5
"E","SP_List1","5211472","S","H","N",632.449951171875,87.5
"E","SP_List1","5211472","S","H","Y",606.032470703125,100
"E","SP_List1","5211472","S","V","N",527.025024414062,100
"E","SP_List1","5211472","S","V","Y",511.237548828125,100
"E","SP_List1","5292241","L","H","N",622.87744140625,100
"E","SP_List1","5292241","L","H","Y",537.682373046875,100
"E","SP_List1","5292241","L","V","N",683.494995117188,100
"E","SP_List1","5292241","L","V","Y",590.33251953125,100
"E","SP_List1","5292241","S","H","N",563.287475585938,100
"E","SP_List1","5292241","S","H","Y",599.93505859375,87.5
"E","SP_List1","5292241","S","V","N",584.052368164062,100
"E","SP_List1","5292241","S","V","Y",590.85498046875,100
"E","SP_List1","5380082","L","H","N",956.297607421875,100
"E","SP_List1","5380082","L","H","Y",780.074462890625,100
"E","SP_List1","5380082","L","V","N",757.855590820312,100
"E","SP_List1","5380082","L","V","Y",853.672485351562,75
"E","SP_List1","5380082","S","H","N",706.3623046875,87.5
"E","SP_List1","5380082","S","H","Y",861.197021484375,100
"E","SP_List1","5380082","S","V","N",675.634765625,87.5
"E","SP_List1","5380082","S","V","Y",939.647216796875,87.5
"E","SP_List1","6330457","L","H","N",508.055053710938,100
"E","SP_List1","6330457","L","H","Y",449.170043945312,100
"E","SP_List1","6330457","L","V","N",504.194946289062,100
"E","SP_List1","6330457","L","V","Y",478.565063476562,100
"E","SP_List1","6330457","S","H","N",452.822631835938,100
"E","SP_List1","6330457","S","H","Y",427.824951171875,87.5
"E","SP_List1","6330457","S","V","N",523.739990234375,87.5
"E","SP_List1","6330457","S","V","Y",425.3701171875,87.5
"E","SP_List1","6393370","L","H","N",623.00244140625,100
"E","SP_List1","6393370","L","H","Y",863,87.5
"E","SP_List1","6393370","L","V","N",789.5,100
"E","SP_List1","6393370","L","V","Y",587,100
"E","SP_List1","6393370","S","H","N",745,100
"E","SP_List1","6393370","S","H","Y",650.5,100
"E","SP_List1","6393370","S","V","N",798,87.5
"E","SP_List1","6393370","S","V","Y",676,87.5
"E","SP_List1","6570561","L","H","N",781.50244140625,75
"E","SP_List1","6570561","L","H","Y",837.49755859375,100
"E","SP_List1","6570561","L","V","N",806,87.5
"E","SP_List1","6570561","L","V","Y",755.5048828125,100
"E","SP_List1","6570561","S","H","N",683.99755859375,100
"E","SP_List1","6570561","S","H","Y",885,100
"E","SP_List1","6570561","S","V","N",1059.00244140625,100
"E","SP_List1","6570561","S","V","Y",782.99755859375,100
"E","SP_List1","6580749","L","H","N",820.582397460938,100
"E","SP_List1","6580749","L","H","Y",830.175048828125,100
"E","SP_List1","6580749","L","V","N",930.494995117188,100
"E","SP_List1","6580749","L","V","Y",917.294921875,87.5
"E","SP_List1","6580749","S","H","N",808.767456054688,100
"E","SP_List1","6580749","S","H","Y",571.360107421875,87.5
"E","SP_List1","6580749","S","V","N",639.502563476562,100
"E","SP_List1","6580749","S","V","Y",817.227416992188,100
"E","SP_List1","6627597","L","H","N",637,87.5
"E","SP_List1","6627597","L","H","Y",653,87.5
"E","SP_List1","6627597","L","V","N",694,75
"E","SP_List1","6627597","L","V","Y",757,87.5
"E","SP_List1","6627597","S","H","N",591,100
"E","SP_List1","6627597","S","H","Y",660.5,100
"E","SP_List1","6627597","S","V","N",753.5,75
"E","SP_List1","6627597","S","V","Y",632.99755859375,100
"E","SP_List1","6960615","L","H","N",726.605102539062,100
"E","SP_List1","6960615","L","H","Y",594.175048828125,87.5
"E","SP_List1","6960615","L","V","N",645.654907226562,100
"E","SP_List1","6960615","L","V","Y",533.83984375,87.5
"E","SP_List1","6960615","S","H","N",558.06005859375,87.5
"E","SP_List1","6960615","S","H","Y",610.182495117188,100
"E","SP_List1","6960615","S","V","N",595.715087890625,100
"E","SP_List1","6960615","S","V","Y",532.650024414062,100
"E","SP_List1","7056067","L","H","N",747.534912109375,87.5
"E","SP_List1","7056067","L","H","Y",887.714965820312,100
"E","SP_List1","7056067","L","V","N",821.985107421875,87.5
"E","SP_List1","7056067","L","V","Y",756.89990234375,100
"E","SP_List1","7056067","S","H","N",762.317504882812,100
"E","SP_List1","7056067","S","H","Y",779.8125,100
"E","SP_List1","7056067","S","V","N",673.764892578125,100
"E","SP_List1","7056067","S","V","Y",734.402465820312,100
"E","SP_List1","7560170","L","H","N",899.684936523438,100
"E","SP_List1","7560170","L","H","Y",662.960083007812,100
"E","SP_List1","7560170","L","V","N",804.705078125,87.5
"E","SP_List1","7560170","L","V","Y",683.639892578125,87.5
"E","SP_List1","7560170","S","H","N",642.087524414062,100
"E","SP_List1","7560170","S","H","Y",742.79248046875,100
"E","SP_List1","7560170","S","V","N",807.492553710938,100
"E","SP_List1","7560170","S","V","Y",595.275146484375,87.5
"E","SP_List1","7733744","L","H","N",521.0673828125,100
"E","SP_List1","7733744","L","H","Y",588.5,100
"E","SP_List1","7733744","L","V","N",544.02001953125,100
"E","SP_List1","7733744","L","V","Y",534.812377929688,100
"E","SP_List1","7733744","S","H","N",517.514892578125,87.5
"E","SP_List1","7733744","S","H","Y",531.967407226562,100
"E","SP_List1","7733744","S","V","N",608.96240234375,100
"E","SP_List1","7733744","S","V","Y",567.525146484375,87.5
"E","SP_List1","8308999","L","H","N",679.0224609375,100
"E","SP_List1","8308999","L","H","Y",589.462646484375,100
"E","SP_List1","8308999","L","V","N",770.815063476562,100
"E","SP_List1","8308999","L","V","Y",693.842529296875,100
"E","SP_List1","8308999","S","H","N",712.49755859375,100
"E","SP_List1","8308999","S","H","Y",601.737426757812,100
"E","SP_List1","8308999","S","V","N",601.22998046875,87.5
"E","SP_List1","8308999","S","V","Y",594.344970703125,100
"E","SP_List1","969922","L","H","N",592.809692382812,100
"E","SP_List1","969922","L","H","Y",534.092651367188,100
"E","SP_List1","969922","L","V","N",632.554931640625,100
"E","SP_List1","969922","L","V","Y",499.14013671875,87.5
"E","SP_List1","969922","S","H","N",468.905029296875,87.5
"E","SP_List1","969922","S","H","Y",523.850341796875,100
"E","SP_List1","969922","S","V","N",532.04541015625,87.5
"E","SP_List1","969922","S","V","Y",481.94482421875,87.5
"E","SP_List2","1538360","L","H","N",987.23486328125,87.5
"E","SP_List2","1538360","L","H","Y",768.774658203125,87.5
"E","SP_List2","1538360","L","V","N",753.24267578125,100
"E","SP_List2","1538360","L","V","Y",684.397338867188,100
"E","SP_List2","1538360","S","H","N",750.39013671875,100
"E","SP_List2","1538360","S","H","Y",583.830078125,100
"E","SP_List2","1538360","S","V","N",670.09765625,100
"E","SP_List2","1538360","S","V","Y",678.329956054688,100
"E","SP_List2","1912345","L","H","N",768.9951171875,87.5
"E","SP_List2","1912345","L","H","Y",701.0048828125,87.5
"E","SP_List2","1912345","L","V","N",801.5,100
"E","SP_List2","1912345","L","V","Y",702,87.5
"E","SP_List2","1912345","S","H","N",775.99755859375,100
"E","SP_List2","1912345","S","H","Y",618.0048828125,87.5
"E","SP_List2","1912345","S","V","N",751.99755859375,75
"E","SP_List2","1912345","S","V","Y",679.9951171875,87.5
"E","SP_List2","1992668","L","H","N",697.56494140625,87.5
"E","SP_List2","1992668","L","H","Y",593.007568359375,100
"E","SP_List2","1992668","L","V","N",622.322509765625,100
"E","SP_List2","1992668","L","V","Y",573.0849609375,100
"E","SP_List2","1992668","S","H","N",587.137451171875,100
"E","SP_List2","1992668","S","H","Y",512.287353515625,100
"E","SP_List2","1992668","S","V","N",588.840087890625,87.5
"E","SP_List2","1992668","S","V","Y",690.27490234375,100
"E","SP_List2","2591558","L","H","N",853.5,100
"E","SP_List2","2591558","L","H","Y",923,87.5
"E","SP_List2","2591558","L","V","N",957,87.5
"E","SP_List2","2591558","L","V","Y",894,100
"E","SP_List2","2591558","S","H","N",829.5,100
"E","SP_List2","2591558","S","H","Y",793,87.5
"E","SP_List2","2591558","S","V","N",821.50244140625,100
"E","SP_List2","2591558","S","V","Y",848,87.5
"E","SP_List2","2638089","L","H","N",703.0400390625,87.5
"E","SP_List2","2638089","L","H","Y",550.494873046875,100
"E","SP_List2","2638089","L","V","N",767.81494140625,100
"E","SP_List2","2638089","L","V","Y",519.940063476562,75
"E","SP_List2","2638089","S","H","N",474.477416992188,100
"E","SP_List2","2638089","S","H","Y",529.164794921875,87.5
"E","SP_List2","2638089","S","V","N",459.50244140625,100
"E","SP_List2","2638089","S","V","Y",490.030029296875,87.5
"E","SP_List2","2641664","L","H","N",1015.82495117188,75
"E","SP_List2","2641664","L","H","Y",727.074462890625,100
"E","SP_List2","2641664","L","V","N",986.054931640625,87.5
"E","SP_List2","2641664","L","V","Y",715.410522460938,100
"E","SP_List2","2641664","S","H","N",657.370483398438,75
"E","SP_List2","2641664","S","H","Y",662.706298828125,100
"E","SP_List2","2641664","S","V","N",778.806396484375,87.5
"E","SP_List2","2641664","S","V","Y",718.863403320312,100
"E","SP_List2","2716281","L","H","N",610.380004882812,100
"E","SP_List2","2716281","L","H","Y",690.47998046875,100
"E","SP_List2","2716281","L","V","N",667.565185546875,87.5
"E","SP_List2","2716281","L","V","Y",626.66748046875,100
"E","SP_List2","2716281","S","H","N",555.329833984375,87.5
"E","SP_List2","2716281","S","H","Y",516.737426757812,100
"E","SP_List2","2716281","S","V","N",547.965087890625,100
"E","SP_List2","2716281","S","V","Y",540.527587890625,100
"E","SP_List2","3081825","L","H","N",756.49755859375,100
"E","SP_List2","3081825","L","H","Y",631.5,75
"E","SP_List2","3081825","L","V","N",687,87.5
"E","SP_List2","3081825","L","V","Y",725.5,75
"E","SP_List2","3081825","S","H","N",718,100
"E","SP_List2","3081825","S","H","Y",593,87.5
"E","SP_List2","3081825","S","V","N",702.5,100
"E","SP_List2","3081825","S","V","Y",654.99755859375,100
"E","SP_List2","3086911","L","H","N",818.9951171875,87.5
"E","SP_List2","3086911","L","H","Y",810,100
"E","SP_List2","3086911","L","V","N",721.5,100
"E","SP_List2","3086911","L","V","Y",859.5,100
"E","SP_List2","3086911","S","H","N",824,100
"E","SP_List2","3086911","S","H","Y",687.00244140625,100
"E","SP_List2","3086911","S","V","N",626.0048828125,87.5
"E","SP_List2","3086911","S","V","Y",692,100
"E","SP_List2","3422009","L","H","N",562.50244140625,75
"E","SP_List2","3422009","L","H","Y",683,87.5
"E","SP_List2","3422009","L","V","N",561.50244140625,100
"E","SP_List2","3422009","L","V","Y",700.50244140625,75
"E","SP_List2","3422009","S","H","N",603.9951171875,87.5
"E","SP_List2","3422009","S","H","Y",569,87.5
"E","SP_List2","3422009","S","V","N",571,87.5
"E","SP_List2","3422009","S","V","Y",666,87.5
"E","SP_List2","3582108","L","H","N",638.25244140625,100
"E","SP_List2","3582108","L","H","Y",756.155029296875,87.5
"E","SP_List2","3582108","L","V","N",756.087646484375,100
"E","SP_List2","3582108","L","V","Y",635.155029296875,87.5
"E","SP_List2","3582108","S","H","N",592.66748046875,100
"E","SP_List2","3582108","S","H","Y",576.969970703125,87.5
"E","SP_List2","3582108","S","V","N",486.39990234375,62.5
"E","SP_List2","3582108","S","V","Y",631.022583007812,75
"E","SP_List2","371008","L","H","N",595.00244140625,100
"E","SP_List2","371008","L","H","Y",605.0048828125,87.5
"E","SP_List2","371008","L","V","N",604,62.5
"E","SP_List2","371008","L","V","Y",588,100
"E","SP_List2","371008","S","H","N",642,100
"E","SP_List2","371008","S","H","Y",632,100
"E","SP_List2","371008","S","V","N",636.50244140625,100
"E","SP_List2","371008","S","V","Y",549.5,100
"E","SP_List2","3927406","L","H","N",830,100
"E","SP_List2","3927406","L","H","Y",697,100
"E","SP_List2","3927406","L","V","N",878.9951171875,87.5
"E","SP_List2","3927406","L","V","Y",913,87.5
"E","SP_List2","3927406","S","H","N",698.5,100
"E","SP_List2","3927406","S","H","Y",659.5,100
"E","SP_List2","3927406","S","V","N",728,87.5
"E","SP_List2","3927406","S","V","Y",895.5,100
"E","SP_List2","4183262","L","H","N",674.010009765625,87.5
"E","SP_List2","4183262","L","H","Y",768.60009765625,87.5
"E","SP_List2","4183262","L","V","N",749.579833984375,87.5
"E","SP_List2","4183262","L","V","Y",701.717529296875,100
"E","SP_List2","4183262","S","H","N",690.69482421875,87.5
"E","SP_List2","4183262","S","H","Y",686.802368164062,100
"E","SP_List2","4183262","S","V","N",767.550048828125,62.5
"E","SP_List2","4183262","S","V","Y",771.927490234375,100
"E","SP_List2","444041","L","H","N",1105.74755859375,75
"E","SP_List2","444041","L","H","Y",885.742431640625,100
"E","SP_List2","444041","L","V","N",918.14013671875,87.5
"E","SP_List2","444041","L","V","Y",992.0849609375,75
"E","SP_List2","444041","S","H","N",862.859985351562,100
"E","SP_List2","444041","S","H","Y",1033.7626953125,100
"E","SP_List2","444041","S","V","N",984.222412109375,100
"E","SP_List2","444041","S","V","Y",883.784912109375,87.5
"E","SP_List2","4904002","L","H","N",603.594970703125,87.5
"E","SP_List2","4904002","L","H","Y",630.192504882812,100
"E","SP_List2","4904002","L","V","N",689.7900390625,87.5
"E","SP_List2","4904002","L","V","Y",621.62255859375,100
"E","SP_List2","4904002","S","H","N",623.650024414062,100
"E","SP_List2","4904002","S","H","Y",579.212524414062,100
"E","SP_List2","4904002","S","V","N",664.294921875,100
"E","SP_List2","4904002","S","V","Y",532.869995117188,100
"E","SP_List2","5282778","L","H","N",794,87.5
"E","SP_List2","5282778","L","H","Y",722.5,75
"E","SP_List2","5282778","L","V","N",679,62.5
"E","SP_List2","5282778","L","V","Y",744.99755859375,100
"E","SP_List2","5282778","S","H","N",1042,62.5
"E","SP_List2","5282778","S","H","Y",766.50244140625,100
"E","SP_List2","5282778","S","V","N",810.9951171875,75
"E","SP_List2","5282778","S","V","Y",739.00244140625,100
"E","SP_List2","5549020","L","H","N",680.277465820312,100
"E","SP_List2","5549020","L","H","Y",645.599975585938,100
"E","SP_List2","5549020","L","V","N",941.784912109375,100
"E","SP_List2","5549020","L","V","Y",672.169921875,87.5
"E","SP_List2","5549020","S","H","N",668.232666015625,100
"E","SP_List2","5549020","S","H","Y",751.6650390625,100
"E","SP_List2","5549020","S","V","N",555.237548828125,100
"E","SP_List2","5549020","S","V","Y",701.89501953125,87.5
"E","SP_List2","5806513","L","H","N",744.775146484375,87.5
"E","SP_List2","5806513","L","H","Y",669.559814453125,87.5
"E","SP_List2","5806513","L","V","N",666.77001953125,87.5
"E","SP_List2","5806513","L","V","Y",655.944946289062,100
"E","SP_List2","5806513","S","H","N",685.880004882812,100
"E","SP_List2","5806513","S","H","Y",694.822509765625,100
"E","SP_List2","5806513","S","V","N",703.382446289062,100
"E","SP_List2","5806513","S","V","Y",695.97998046875,100
"E","SP_List2","5879769","L","H","N",861.83251953125,100
"E","SP_List2","5879769","L","H","Y",789.552490234375,100
"E","SP_List2","5879769","L","V","N",808.257446289062,75
"E","SP_List2","5879769","L","V","Y",815.72998046875,100
"E","SP_List2","5879769","S","H","N",731.8798828125,100
"E","SP_List2","5879769","S","H","Y",701.010009765625,100
"E","SP_List2","5879769","S","V","N",738.032470703125,100
"E","SP_List2","5879769","S","V","Y",825.75,87.5
"E","SP_List2","6539081","L","H","N",672.693115234375,100
"E","SP_List2","6539081","L","H","Y",561.68310546875,100
"E","SP_List2","6539081","L","V","N",619.845947265625,100
"E","SP_List2","6539081","L","V","Y",644.182373046875,100
"E","SP_List2","6539081","S","H","N",644.2822265625,87.5
"E","SP_List2","6539081","S","H","Y",564.820068359375,100
"E","SP_List2","6539081","S","V","N",490.873657226562,100
"E","SP_List2","6539081","S","V","Y",629.644775390625,100
"E","SP_List2","6590967","L","H","N",538.827514648438,75
"E","SP_List2","6590967","L","H","Y",523.472534179688,100
"E","SP_List2","6590967","L","V","N",655.5400390625,87.5
"E","SP_List2","6590967","L","V","Y",557.360107421875,100
"E","SP_List2","6590967","S","H","N",538.869873046875,100
"E","SP_List2","6590967","S","H","Y",483.724853515625,87.5
"E","SP_List2","6590967","S","V","N",584.549926757812,100
"E","SP_List2","6590967","S","V","Y",632.197509765625,100
"E","SP_List2","6807972","L","H","N",545.5,100
"E","SP_List2","6807972","L","H","Y",579,87.5
"E","SP_List2","6807972","L","V","N",552.5,100
"E","SP_List2","6807972","L","V","Y",602,100
"E","SP_List2","6807972","S","H","N",564,100
"E","SP_List2","6807972","S","H","Y",528.5,100
"E","SP_List2","6807972","S","V","N",566,100
"E","SP_List2","6807972","S","V","Y",481.49755859375,100
"E","SP_List2","778602","L","H","N",633.4150390625,87.5
"E","SP_List2","778602","L","H","Y",617.027587890625,75
"E","SP_List2","778602","L","V","N",808.97509765625,87.5
"E","SP_List2","778602","L","V","Y",632.779907226562,100
"E","SP_List2","778602","S","H","N",571.944946289062,100
"E","SP_List2","778602","S","H","Y",504.18505859375,87.5
"E","SP_List2","778602","S","V","N",630.409912109375,100
"E","SP_List2","778602","S","V","Y",660.239990234375,87.5
"E","SP_List2","7892798","L","H","N",652.634887695312,75
"E","SP_List2","7892798","L","H","Y",631.699951171875,100
"E","SP_List2","7892798","L","V","N",635.757446289062,100
"E","SP_List2","7892798","L","V","Y",716.780029296875,87.5
"E","SP_List2","7892798","S","H","N",609.854858398438,100
"E","SP_List2","7892798","S","H","Y",504.6650390625,87.5
"E","SP_List2","7892798","S","V","N",602.737426757812,75
"E","SP_List2","7892798","S","V","Y",647.694946289062,100
"E","SP_List2","7957756","L","H","N",577.00244140625,100
"E","SP_List2","7957756","L","H","Y",797.99755859375,50
"E","SP_List2","7957756","L","V","N",698,87.5
"E","SP_List2","7957756","L","V","Y",616,75
"E","SP_List2","7957756","S","H","N",538,87.5
"E","SP_List2","7957756","S","H","Y",632,87.5
"E","SP_List2","7957756","S","V","N",537.5,100
"E","SP_List2","7957756","S","V","Y",586.0048828125,87.5
"E","SP_List2","8267729","L","H","N",625.742553710938,100
"E","SP_List2","8267729","L","H","Y",694.6875,100
"E","SP_List2","8267729","L","V","N",614.135009765625,87.5
"E","SP_List2","8267729","L","V","Y",687.507568359375,100
"E","SP_List2","8267729","S","H","N",665.712646484375,100
"E","SP_List2","8267729","S","H","Y",646.022583007812,100
"E","SP_List2","8267729","S","V","N",622.154907226562,100
"E","SP_List2","8267729","S","V","Y",646.897583007812,100
"E","SP_List2","8413180","L","H","N",659.00244140625,100
"E","SP_List2","8413180","L","H","Y",758,87.5
"E","SP_List2","8413180","L","V","N",758,100
"E","SP_List2","8413180","L","V","Y",576.5,100
"E","SP_List2","8413180","S","H","N",577.5,100
"E","SP_List2","8413180","S","H","Y",588.99755859375,100
"E","SP_List2","8413180","S","V","N",602,87.5
"E","SP_List2","8413180","S","V","Y",637.00244140625,100
"E","SP_List2","8565024","L","H","N",668,87.5
"E","SP_List2","8565024","L","H","Y",689.5,100
"E","SP_List2","8565024","L","V","N",708,87.5
"E","SP_List2","8565024","L","V","Y",642,87.5
"E","SP_List2","8565024","S","H","N",676,100
"E","SP_List2","8565024","S","H","Y",526.99755859375,100
"E","SP_List2","8565024","S","V","N",711.0048828125,87.5
"E","SP_List2","8565024","S","V","Y",537,100
"E","SP_List2","9132668","L","H","N",618.095092773438,100
"E","SP_List2","9132668","L","H","Y",642.5751953125,87.5
"E","SP_List2","9132668","L","V","N",680.43994140625,87.5
"E","SP_List2","9132668","L","V","Y",651.572387695312,100
"E","SP_List2","9132668","S","H","N",613.967529296875,75
"E","SP_List2","9132668","S","H","Y",566.522583007812,100
"E","SP_List2","9132668","S","V","N",525.125,100
"E","SP_List2","9132668","S","V","Y",556.705078125,100
"E","SP_List2","9567626","L","H","N",788.5,100
"E","SP_List2","9567626","L","H","Y",644.50244140625,100
"E","SP_List2","9567626","L","V","N",659.00244140625,100
"E","SP_List2","9567626","L","V","Y",703.5,100
"E","SP_List2","9567626","S","H","N",670,87.5
"E","SP_List2","9567626","S","H","Y",618,87.5
"E","SP_List2","9567626","S","V","N",640.5,100
"E","SP_List2","9567626","S","V","Y",645,100
"E","SP_List2","9917421","L","H","N",803.557495117188,100
"E","SP_List2","9917421","L","H","Y",714.702514648438,100
"E","SP_List2","9917421","L","V","N",923.7900390625,87.5
"E","SP_List2","9917421","L","V","Y",728.232421875,100
"E","SP_List2","9917421","S","H","N",783.902587890625,100
"E","SP_List2","9917421","S","H","Y",612.402587890625,100
"E","SP_List2","9917421","S","V","N",628.880126953125,87.5
"E","SP_List2","9917421","S","V","Y",646.014892578125,87.5
"E","SP_List3","1075157","L","H","N",581.247436523438,100
"E","SP_List3","1075157","L","H","Y",583.4150390625,87.5
"E","SP_List3","1075157","L","V","N",650.79248046875,100
"E","SP_List3","1075157","L","V","Y",540.295043945312,100
"E","SP_List3","1075157","S","H","N",564.52734375,75
"E","SP_List3","1075157","S","H","Y",646.322509765625,100
"E","SP_List3","1075157","S","V","N",600.107543945312,100
"E","SP_List3","1075157","S","V","Y",528.022583007812,100
"E","SP_List3","1089293","L","H","N",644.112548828125,100
"E","SP_List3","1089293","L","H","Y",728.884887695312,100
"E","SP_List3","1089293","L","V","N",715.26513671875,100
"E","SP_List3","1089293","L","V","Y",674.639892578125,87.5
"E","SP_List3","1089293","S","H","N",632.807495117188,100
"E","SP_List3","1089293","S","H","Y",563.252563476562,100
"E","SP_List3","1089293","S","V","N",610.680053710938,100
"E","SP_List3","1089293","S","V","Y",647.487548828125,100
"E","SP_List3","1192455","L","H","N",951.85009765625,87.5
"E","SP_List3","1192455","L","H","Y",662.14501953125,100
"E","SP_List3","1192455","L","V","N",720.0224609375,100
"E","SP_List3","1192455","L","V","Y",894.324951171875,87.5
"E","SP_List3","1192455","S","H","N",708.864990234375,87.5
"E","SP_List3","1192455","S","H","Y",602.405029296875,87.5
"E","SP_List3","1192455","S","V","N",665.849853515625,62.5
"E","SP_List3","1192455","S","V","Y",600.93505859375,87.5
"E","SP_List3","155821","L","H","N",1012.8701171875,87.5
"E","SP_List3","155821","L","H","Y",1084.82006835938,87.5
"E","SP_List3","155821","L","V","N",1171.88012695312,87.5
"E","SP_List3","155821","L","V","Y",1165.03002929688,87.5
"E","SP_List3","155821","S","H","N",1021.43505859375,87.5
"E","SP_List3","155821","S","H","Y",1027.669921875,87.5
"E","SP_List3","155821","S","V","N",990.045043945312,100
"E","SP_List3","155821","S","V","Y",1027.81494140625,87.5
"E","SP_List3","2041708","L","H","N",599.43505859375,100
"E","SP_List3","2041708","L","H","Y",670.962524414062,100
"E","SP_List3","2041708","L","V","N",687.672485351562,100
"E","SP_List3","2041708","L","V","Y",547.194946289062,100
"E","SP_List3","2041708","S","H","N",556.6474609375,100
"E","SP_List3","2041708","S","H","Y",566.059936523438,100
"E","SP_List3","2041708","S","V","N",627.455078125,100
"E","SP_List3","2041708","S","V","Y",551.737548828125,100
"E","SP_List3","2081409","L","H","N",790.02978515625,87.5
"E","SP_List3","2081409","L","H","Y",709.005004882812,75
"E","SP_List3","2081409","L","V","N",864.367431640625,100
"E","SP_List3","2081409","L","V","Y",607.559814453125,87.5
"E","SP_List3","2081409","S","H","N",510.784912109375,62.5
"E","SP_List3","2081409","S","H","Y",587.860107421875,87.5
"E","SP_List3","2081409","S","V","N",612.275024414062,75
"E","SP_List3","2081409","S","V","Y",603.127563476562,75
"E","SP_List3","2138666","L","H","N",784.780029296875,87.5
"E","SP_List3","2138666","L","H","Y",848.654907226562,100
"E","SP_List3","2138666","L","V","N",807.947631835938,75
"E","SP_List3","2138666","L","V","Y",927.432373046875,100
"E","SP_List3","2138666","S","H","N",838.85009765625,87.5
"E","SP_List3","2138666","S","H","Y",780.125,100
"E","SP_List3","2138666","S","V","N",776.442504882812,100
"E","SP_List3","2138666","S","V","Y",810.780029296875,100
"E","SP_List3","2805193","L","H","N",674,100
"E","SP_List3","2805193","L","H","Y",579.0048828125,87.5
"E","SP_List3","2805193","L","V","N",649,87.5
"E","SP_List3","2805193","L","V","Y",605,87.5
"E","SP_List3","2805193","S","H","N",543.5,100
"E","SP_List3","2805193","S","H","Y",524.5048828125,100
"E","SP_List3","2805193","S","V","N",479,100
"E","SP_List3","2805193","S","V","Y",608,87.5
"E","SP_List3","2891007","L","H","N",613.157470703125,100
"E","SP_List3","2891007","L","H","Y",682.742553710938,100
"E","SP_List3","2891007","L","V","N",732.497436523438,100
"E","SP_List3","2891007","L","V","Y",570.092529296875,100
"E","SP_List3","2891007","S","H","N",503.432495117188,100
"E","SP_List3","2891007","S","H","Y",557.934814453125,87.5
"E","SP_List3","2891007","S","V","N",551.092529296875,100
"E","SP_List3","2891007","S","V","Y",506.405029296875,100
"E","SP_List3","2942246","L","H","N",654.487548828125,100
"E","SP_List3","2942246","L","H","Y",677.8125,100
"E","SP_List3","2942246","L","V","N",655.932495117188,100
"E","SP_List3","2942246","L","V","Y",730.804931640625,87.5
"E","SP_List3","2942246","S","H","N",525.54248046875,100
"E","SP_List3","2942246","S","H","Y",658.119995117188,100
"E","SP_List3","2942246","S","V","N",571.847412109375,100
"E","SP_List3","2942246","S","V","Y",728.469970703125,100
"E","SP_List3","4293320","L","H","N",675.042602539062,100
"E","SP_List3","4293320","L","H","Y",654.2900390625,87.5
"E","SP_List3","4293320","L","V","N",577.364990234375,62.5
"E","SP_List3","4293320","L","V","Y",621.18994140625,100
"E","SP_List3","4293320","S","H","N",499.257446289062,75
"E","SP_List3","4293320","S","H","Y",450.094970703125,87.5
"E","SP_List3","4293320","S","V","N",434.7099609375,87.5
"E","SP_List3","4293320","S","V","Y",512.452514648438,100
"E","SP_List3","4295409","L","H","N",833.08251953125,100
"E","SP_List3","4295409","L","H","Y",993.420043945312,75
"E","SP_List3","4295409","L","V","N",898.175048828125,100
"E","SP_List3","4295409","L","V","Y",971.447387695312,100
"E","SP_List3","4295409","S","H","N",872.77001953125,100
"E","SP_List3","4295409","S","H","Y",770.3525390625,100
"E","SP_List3","4295409","S","V","N",859.260009765625,100
"E","SP_List3","4295409","S","V","Y",681.27001953125,100
"E","SP_List3","4554146","L","H","N",729.0048828125,87.5
"E","SP_List3","4554146","L","H","Y",631.5,100
"E","SP_List3","4554146","L","V","N",705,100
"E","SP_List3","4554146","L","V","Y",668,87.5
"E","SP_List3","4554146","S","H","N",580,62.5
"E","SP_List3","4554146","S","H","Y",548.5,100
"E","SP_List3","4554146","S","V","N",554.99755859375,100
"E","SP_List3","4554146","S","V","Y",596,100
"E","SP_List3","4850431","L","H","N",992.5,100
"E","SP_List3","4850431","L","H","Y",1189.5,100
"E","SP_List3","4850431","L","V","N",1028.50244140625,75
"E","SP_List3","4850431","L","V","Y",970,87.5
"E","SP_List3","4850431","S","H","N",1063,100
"E","SP_List3","4850431","S","H","Y",882.50244140625,100
"E","SP_List3","4850431","S","V","N",897.5,100
"E","SP_List3","4850431","S","V","Y",916.50244140625,100
"E","SP_List3","4950273","L","H","N",645.402465820312,100
"E","SP_List3","4950273","L","H","Y",735.909912109375,75
"E","SP_List3","4950273","L","V","N",1133.5,100
"E","SP_List3","4950273","L","V","Y",763.81005859375,87.5
"E","SP_List3","4950273","S","H","N",738.799926757812,100
"E","SP_List3","4950273","S","H","Y",652.582397460938,100
"E","SP_List3","4950273","S","V","N",577.054931640625,100
"E","SP_List3","4950273","S","V","Y",809.905029296875,87.5
"E","SP_List3","5076223","L","H","N",682.469970703125,100
"E","SP_List3","5076223","L","H","Y",653.7451171875,87.5
"E","SP_List3","5076223","L","V","N",656.375,87.5
"E","SP_List3","5076223","L","V","Y",646.080078125,87.5
"E","SP_List3","5076223","S","H","N",589.14501953125,87.5
"E","SP_List3","5076223","S","H","Y",569.4150390625,100
"E","SP_List3","5076223","S","V","N",564.349853515625,100
"E","SP_List3","5076223","S","V","Y",573.510009765625,100
"E","SP_List3","538327","L","H","N",667.954345703125,87.5
"E","SP_List3","538327","L","H","Y",861.69189453125,100
"E","SP_List3","538327","L","V","N",776.8251953125,87.5
"E","SP_List3","538327","L","V","Y",703.674194335938,100
"E","SP_List3","538327","S","H","N",657.603759765625,100
"E","SP_List3","538327","S","H","Y",687.306030273438,100
"E","SP_List3","538327","S","V","N",733.864990234375,100
"E","SP_List3","538327","S","V","Y",685.40869140625,100
"E","SP_List3","5659376","L","H","N",565.072631835938,100
"E","SP_List3","5659376","L","H","Y",495.215087890625,87.5
"E","SP_List3","5659376","L","V","N",534.845092773438,100
"E","SP_List3","5659376","L","V","Y",579.855102539062,100
"E","SP_List3","5659376","S","H","N",602.14013671875,87.5
"E","SP_List3","5659376","S","H","Y",613.409912109375,87.5
"E","SP_List3","5659376","S","V","N",552.715209960938,100
"E","SP_List3","5659376","S","V","Y",595.32763671875,100
"E","SP_List3","5661038","L","H","N",726.9599609375,87.5
"E","SP_List3","5661038","L","H","Y",654.414916992188,100
"E","SP_List3","5661038","L","V","N",805.239990234375,87.5
"E","SP_List3","5661038","L","V","Y",663.537475585938,100
"E","SP_List3","5661038","S","H","N",716.7900390625,87.5
"E","SP_List3","5661038","S","H","Y",586.809936523438,100
"E","SP_List3","5661038","S","V","N",667.375,87.5
"E","SP_List3","5661038","S","V","Y",781.445068359375,87.5
"E","SP_List3","5684590","L","H","N",922.324951171875,75
"E","SP_List3","5684590","L","H","Y",1235.88488769531,75
"E","SP_List3","5684590","L","V","N",1052.55004882812,100
"E","SP_List3","5684590","L","V","Y",846.60498046875,87.5
"E","SP_List3","5684590","S","H","N",684.0849609375,87.5
"E","SP_List3","5684590","S","H","Y",938.824951171875,100
"E","SP_List3","5684590","S","V","N",905.340087890625,87.5
"E","SP_List3","5684590","S","V","Y",704.922485351562,100
"E","SP_List3","6275750","L","H","N",841,87.5
"E","SP_List3","6275750","L","H","Y",623.0048828125,87.5
"E","SP_List3","6275750","L","V","N",642.0048828125,87.5
"E","SP_List3","6275750","L","V","Y",603,87.5
"E","SP_List3","6275750","S","H","N",552.00244140625,100
"E","SP_List3","6275750","S","H","Y",582.00244140625,100
"E","SP_List3","6275750","S","V","N",468.99755859375,100
"E","SP_List3","6275750","S","V","Y",525.99755859375,100
"E","SP_List3","6547204","L","H","N",915.28515625,87.5
"E","SP_List3","6547204","L","H","Y",747.45751953125,100
"E","SP_List3","6547204","L","V","N",680.35986328125,87.5
"E","SP_List3","6547204","L","V","Y",703.6650390625,87.5
"E","SP_List3","6547204","S","H","N",670.220092773438,100
"E","SP_List3","6547204","S","H","Y",728.33251953125,100
"E","SP_List3","6547204","S","V","N",841.175048828125,100
"E","SP_List3","6547204","S","V","Y",706.440063476562,100
"E","SP_List3","6654387","L","H","N",701.0048828125,87.5
"E","SP_List3","6654387","L","H","Y",676,87.5
"E","SP_List3","6654387","L","V","N",628.5,75
"E","SP_List3","6654387","L","V","Y",737.00244140625,75
"E","SP_List3","6654387","S","H","N",614.00244140625,100
"E","SP_List3","6654387","S","H","Y",597.49755859375,100
"E","SP_List3","6654387","S","V","N",607.9951171875,87.5
"E","SP_List3","6654387","S","V","Y",622,75
"E","SP_List3","670453","L","H","N",571.882446289062,100
"E","SP_List3","670453","L","H","Y",537.315063476562,100
"E","SP_List3","670453","L","V","N",532.357543945312,100
"E","SP_List3","670453","L","V","Y",525.144775390625,87.5
"E","SP_List3","670453","S","H","N",500.589965820312,100
"E","SP_List3","670453","S","H","Y",478.130004882812,100
"E","SP_List3","670453","S","V","N",446.744873046875,100
"E","SP_List3","670453","S","V","Y",527.724853515625,100
"E","SP_List3","7039984","L","H","N",529.684448242188,100
"E","SP_List3","7039984","L","H","Y",605.221557617188,100
"E","SP_List3","7039984","L","V","N",684.403076171875,100
"E","SP_List3","7039984","L","V","Y",620.364501953125,100
"E","SP_List3","7039984","S","H","N",611.698974609375,100
"E","SP_List3","7039984","S","H","Y",534.049072265625,87.5
"E","SP_List3","7039984","S","V","N",587.682495117188,100
"E","SP_List3","7039984","S","V","Y",499.933959960938,100
"E","SP_List3","7366707","L","H","N",659.482543945312,100
"E","SP_List3","7366707","L","H","Y",766.78759765625,100
"E","SP_List3","7366707","L","V","N",673.200073242188,100
"E","SP_List3","7366707","L","V","Y",687.10498046875,100
"E","SP_List3","7366707","S","H","N",599.572509765625,100
"E","SP_List3","7366707","S","H","Y",601.200073242188,100
"E","SP_List3","7366707","S","V","N",630.845092773438,100
"E","SP_List3","7366707","S","V","Y",650.519897460938,100
"E","SP_List3","7443356","L","H","N",666.93505859375,87.5
"E","SP_List3","7443356","L","H","Y",569.02001953125,62.5
"E","SP_List3","7443356","L","V","N",713.300170898438,100
"E","SP_List3","7443356","L","V","Y",563.929931640625,87.5
"E","SP_List3","7443356","S","H","N",530.21484375,87.5
"E","SP_List3","7443356","S","H","Y",562.172485351562,100
"E","SP_List3","7443356","S","V","N",556.282470703125,100
"E","SP_List3","7443356","S","V","Y",630.405029296875,75
"E","SP_List3","7824252","L","H","N",807.159912109375,75
"E","SP_List3","7824252","L","H","Y",709.222534179688,100
"E","SP_List3","7824252","L","V","N",668.0048828125,87.5
"E","SP_List3","7824252","L","V","Y",609.19482421875,87.5
"E","SP_List3","7824252","S","H","N",668.802490234375,100
"E","SP_List3","7824252","S","H","Y",683.98486328125,87.5
"E","SP_List3","7824252","S","V","N",632.675048828125,87.5
"E","SP_List3","7824252","S","V","Y",731.660034179688,100
"E","SP_List3","8137192","L","H","N",701.859985351562,100
"E","SP_List3","8137192","L","H","Y",696.359985351562,100
"E","SP_List3","8137192","L","V","N",754.970092773438,100
"E","SP_List3","8137192","L","V","Y",700.375,87.5
"E","SP_List3","8137192","S","H","N",630.177490234375,100
"E","SP_List3","8137192","S","H","Y",649.47021484375,100
"E","SP_List3","8137192","S","V","N",606.277587890625,100
"E","SP_List3","8137192","S","V","Y",639.905029296875,100
"E","SP_List3","8921175","L","H","N",731.9599609375,75
"E","SP_List3","8921175","L","H","Y",855.302612304688,100
"E","SP_List3","8921175","L","V","N",906.08740234375,75
"E","SP_List3","8921175","L","V","Y",651.884887695312,100
"E","SP_List3","8921175","S","H","N",716.4775390625,75
"E","SP_List3","8921175","S","H","Y",723.450073242188,75
"E","SP_List3","8921175","S","V","N",715.142578125,75
"E","SP_List3","8921175","S","V","Y",635.7900390625,62.5
"E","SP_List3","9191049","L","H","N",684.857543945312,100
"E","SP_List3","9191049","L","H","Y",768.654907226562,100
"E","SP_List3","9191049","L","V","N",533.764892578125,87.5
"E","SP_List3","9191049","L","V","Y",568.737548828125,100
"E","SP_List3","9191049","S","H","N",524.187622070312,100
"E","SP_List3","9191049","S","H","Y",654.760131835938,100
"E","SP_List3","9191049","S","V","N",593.697509765625,100
"E","SP_List3","9191049","S","V","Y",667.820068359375,100
"E","SP_List3","9200724","L","H","N",559.152465820312,100
"E","SP_List3","9200724","L","H","Y",489.107543945312,100
"E","SP_List3","9200724","L","V","N",621.35498046875,87.5
"E","SP_List3","9200724","L","V","Y",484.60498046875,87.5
"E","SP_List3","9200724","S","H","N",464.732421875,100
"E","SP_List3","9200724","S","H","Y",421.557495117188,75
"E","SP_List3","9200724","S","V","N",502.135009765625,87.5
"E","SP_List3","9200724","S","V","Y",428.545166015625,87.5
"E","SP_List4","1662250","L","H","N",514.790161132812,100
"E","SP_List4","1662250","L","H","Y",569.9775390625,100
"E","SP_List4","1662250","L","V","N",548.364868164062,100
"E","SP_List4","1662250","L","V","Y",505.380004882812,100
"E","SP_List4","1662250","S","H","N",548.469970703125,87.5
"E","SP_List4","1662250","S","H","Y",567.385009765625,100
"E","SP_List4","1662250","S","V","N",499.007446289062,100
"E","SP_List4","1662250","S","V","Y",516.695068359375,100
"E","SP_List4","178408","L","H","N",587.262573242188,100
"E","SP_List4","178408","L","H","Y",785.0849609375,100
"E","SP_List4","178408","L","V","N",674.3125,100
"E","SP_List4","178408","L","V","Y",675.344970703125,62.5
"E","SP_List4","178408","S","H","N",783.840087890625,87.5
"E","SP_List4","178408","S","H","Y",648.994995117188,100
"E","SP_List4","178408","S","V","N",614.804931640625,100
"E","SP_List4","178408","S","V","Y",529.352416992188,100
"E","SP_List4","2003617","L","H","N",552.762451171875,100
"E","SP_List4","2003617","L","H","Y",606.845092773438,100
"E","SP_List4","2003617","L","V","N",630.507446289062,100
"E","SP_List4","2003617","L","V","Y",605.5224609375,100
"E","SP_List4","2003617","S","H","N",545.892456054688,100
"E","SP_List4","2003617","S","H","Y",565.294921875,87.5
"E","SP_List4","2003617","S","V","N",593.244873046875,87.5
"E","SP_List4","2003617","S","V","Y",582.552490234375,100
"E","SP_List4","2046175","L","H","N",634.234985351562,75
"E","SP_List4","2046175","L","H","Y",700.264892578125,87.5
"E","SP_List4","2046175","L","V","N",843.56005859375,100
"E","SP_List4","2046175","L","V","Y",716.760009765625,87.5
"E","SP_List4","2046175","S","H","N",584.23486328125,87.5
"E","SP_List4","2046175","S","H","Y",573.959838867188,100
"E","SP_List4","2046175","S","V","N",552.7548828125,87.5
"E","SP_List4","2046175","S","V","Y",593,87.5
"E","SP_List4","2075254","L","H","N",696,87.5
"E","SP_List4","2075254","L","H","Y",615,87.5
"E","SP_List4","2075254","L","V","N",703.49755859375,75
"E","SP_List4","2075254","L","V","Y",585.0048828125,87.5
"E","SP_List4","2075254","S","H","N",530.5,75
"E","SP_List4","2075254","S","H","Y",506.00244140625,100
"E","SP_List4","2075254","S","V","N",689,87.5
"E","SP_List4","2075254","S","V","Y",561,87.5
"E","SP_List4","2204568","L","H","N",722.225341796875,87.5
"E","SP_List4","2204568","L","H","Y",988.400390625,62.5
"E","SP_List4","2204568","L","V","N",928.99169921875,100
"E","SP_List4","2204568","L","V","Y",753.75048828125,75
"E","SP_List4","2204568","S","H","N",658.03466796875,87.5
"E","SP_List4","2204568","S","H","Y",812.872436523438,100
"E","SP_List4","2204568","S","V","N",793.174072265625,87.5
"E","SP_List4","2204568","S","V","Y",809.869018554688,75
"E","SP_List4","2459702","L","H","N",595.517578125,100
"E","SP_List4","2459702","L","H","Y",641.52978515625,87.5
"E","SP_List4","2459702","L","V","N",556.677612304688,100
"E","SP_List4","2459702","L","V","Y",580.132446289062,100
"E","SP_List4","2459702","S","H","N",507.729858398438,100
"E","SP_List4","2459702","S","H","Y",603.989990234375,87.5
"E","SP_List4","2459702","S","V","N",600.525146484375,100
"E","SP_List4","2459702","S","V","Y",522.069946289062,100
"E","SP_List4","274348","L","H","N",625,87.5
"E","SP_List4","274348","L","H","Y",545.9951171875,87.5
"E","SP_List4","274348","L","V","N",594.50244140625,100
"E","SP_List4","274348","L","V","Y",657,87.5
"E","SP_List4","274348","S","H","N",498.00244140625,100
"E","SP_List4","274348","S","H","Y",639,87.5
"E","SP_List4","274348","S","V","N",594,87.5
"E","SP_List4","274348","S","V","Y",481.5,75
"E","SP_List4","3430523","L","H","N",551.5,100
"E","SP_List4","3430523","L","H","Y",573,100
"E","SP_List4","3430523","L","V","N",603.5,100
"E","SP_List4","3430523","L","V","Y",567.5,100
"E","SP_List4","3430523","S","H","N",527.5,100
"E","SP_List4","3430523","S","H","Y",530.5,100
"E","SP_List4","3430523","S","V","N",503.5,100
"E","SP_List4","3430523","S","V","Y",615,100
"E","SP_List4","3723208","L","H","N",559.5,75
"E","SP_List4","3723208","L","H","Y",510.5,100
"E","SP_List4","3723208","L","V","N",573,100
"E","SP_List4","3723208","L","V","Y",615.5,100
"E","SP_List4","3723208","S","H","N",520,87.5
"E","SP_List4","3723208","S","H","Y",539.5,100
"E","SP_List4","3723208","S","V","N",518.99755859375,100
"E","SP_List4","3723208","S","V","Y",469,100
"E","SP_List4","4195548","L","H","N",721.5,100
"E","SP_List4","4195548","L","H","Y",613.00244140625,100
"E","SP_List4","4195548","L","V","N",610.5,100
"E","SP_List4","4195548","L","V","Y",599.5,100
"E","SP_List4","4195548","S","H","N",770.5,100
"E","SP_List4","4195548","S","H","Y",760,100
"E","SP_List4","4195548","S","V","N",545,87.5
"E","SP_List4","4195548","S","V","Y",733,87.5
"E","SP_List4","4627165","L","H","N",816.699951171875,87.5
"E","SP_List4","4627165","L","H","Y",751.532470703125,100
"E","SP_List4","4627165","L","V","N",842.2548828125,87.5
"E","SP_List4","4627165","L","V","Y",782.5048828125,87.5
"E","SP_List4","4627165","S","H","N",905.992553710938,100
"E","SP_List4","4627165","S","H","Y",687.210083007812,100
"E","SP_List4","4627165","S","V","N",656.222534179688,100
"E","SP_List4","4627165","S","V","Y",709.97998046875,87.5
"E","SP_List4","5270004","L","H","N",559.589965820312,75
"E","SP_List4","5270004","L","H","Y",638.054931640625,87.5
"E","SP_List4","5270004","L","V","N",646.93505859375,75
"E","SP_List4","5270004","L","V","Y",652.945068359375,87.5
"E","SP_List4","5270004","S","H","N",591.502563476562,75
"E","SP_List4","5270004","S","H","Y",524.642578125,100
"E","SP_List4","5270004","S","V","N",572.699829101562,75
"E","SP_List4","5270004","S","V","Y",645.039916992188,100
"E","SP_List4","5557920","L","H","N",714.392578125,100
"E","SP_List4","5557920","L","H","Y",883.592529296875,100
"E","SP_List4","5557920","L","V","N",688.53515625,100
"E","SP_List4","5557920","L","V","Y",713.302490234375,100
"E","SP_List4","5557920","S","H","N",626.552612304688,100
"E","SP_List4","5557920","S","H","Y",690.534912109375,87.5
"E","SP_List4","5557920","S","V","N",608.3798828125,100
"E","SP_List4","5557920","S","V","Y",744.0224609375,100
"E","SP_List4","5656906","L","H","N",627.114990234375,100
"E","SP_List4","5656906","L","H","Y",865.712524414062,100
"E","SP_List4","5656906","L","V","N",758.85498046875,87.5
"E","SP_List4","5656906","L","V","Y",596.5224609375,75
"E","SP_List4","5656906","S","H","N",530.059936523438,100
"E","SP_List4","5656906","S","H","Y",614.920166015625,87.5
"E","SP_List4","5656906","S","V","N",700.105102539062,100
"E","SP_List4","5656906","S","V","Y",710.677612304688,100
"E","SP_List4","5756652","L","H","N",620.002319335938,100
"E","SP_List4","5756652","L","H","Y",755.007446289062,100
"E","SP_List4","5756652","L","V","N",673.872314453125,100
"E","SP_List4","5756652","L","V","Y",647.875,62.5
"E","SP_List4","5756652","S","H","N",632.215087890625,100
"E","SP_List4","5756652","S","H","Y",625.525024414062,100
"E","SP_List4","5756652","S","V","N",638.775024414062,100
"E","SP_List4","5756652","S","V","Y",686.639892578125,87.5
"E","SP_List4","5757626","L","H","N",516.340087890625,87.5
"E","SP_List4","5757626","L","H","Y",517.032470703125,100
"E","SP_List4","5757626","L","V","N",544.089965820312,100
"E","SP_List4","5757626","L","V","Y",559.180053710938,100
"E","SP_List4","5757626","S","H","N",611.929931640625,100
"E","SP_List4","5757626","S","H","Y",466.070068359375,100
"E","SP_List4","5757626","S","V","N",552.5,87.5
"E","SP_List4","5757626","S","V","Y",479.85009765625,87.5
"E","SP_List4","5847602","L","H","N",659.39990234375,100
"E","SP_List4","5847602","L","H","Y",653.574951171875,87.5
"E","SP_List4","5847602","L","V","N",720.457641601562,100
"E","SP_List4","5847602","L","V","Y",694.800048828125,87.5
"E","SP_List4","5847602","S","H","N",534.607543945312,100
"E","SP_List4","5847602","S","H","Y",597.114990234375,87.5
"E","SP_List4","5847602","S","V","N",619.637451171875,100
"E","SP_List4","5847602","S","V","Y",519.152587890625,100
"E","SP_List4","6034619","L","H","N",622.405395507812,100
"E","SP_List4","6034619","L","H","Y",669.07080078125,87.5
"E","SP_List4","6034619","L","V","N",640.562255859375,87.5
"E","SP_List4","6034619","L","V","Y",589.931640625,100
"E","SP_List4","6034619","S","H","N",506.760009765625,75
"E","SP_List4","6034619","S","H","Y",524.265380859375,87.5
"E","SP_List4","6034619","S","V","N",576.982421875,87.5
"E","SP_List4","6034619","S","V","Y",571.584350585938,100
"E","SP_List4","6366544","L","H","N",783.517578125,100
"E","SP_List4","6366544","L","H","Y",789.682495117188,100
"E","SP_List4","6366544","L","V","N",883.880126953125,87.5
"E","SP_List4","6366544","L","V","Y",765.739990234375,87.5
"E","SP_List4","6366544","S","H","N",859.52978515625,87.5
"E","SP_List4","6366544","S","H","Y",819.650146484375,87.5
"E","SP_List4","6366544","S","V","N",899.594970703125,87.5
"E","SP_List4","6366544","S","V","Y",947.1650390625,87.5
"E","SP_List4","6906579","L","H","N",580.172485351562,75
"E","SP_List4","6906579","L","H","Y",668.515014648438,100
"E","SP_List4","6906579","L","V","N",488.18994140625,100
"E","SP_List4","6906579","L","V","Y",643.217529296875,100
"E","SP_List4","6906579","S","H","N",544.160034179688,75
"E","SP_List4","6906579","S","H","Y",572.2451171875,87.5
"E","SP_List4","6906579","S","V","N",518.485107421875,75
"E","SP_List4","6906579","S","V","Y",764.7275390625,75
"E","SP_List4","7084523","L","H","N",471.85498046875,100
"E","SP_List4","7084523","L","H","Y",468.192504882812,100
"E","SP_List4","7084523","L","V","N",511.6201171875,100
"E","SP_List4","7084523","L","V","Y",543.337524414062,100
"E","SP_List4","7084523","S","H","N",477.445068359375,100
"E","SP_List4","7084523","S","H","Y",465.7998046875,87.5
"E","SP_List4","7084523","S","V","N",486.799926757812,100
"E","SP_List4","7084523","S","V","Y",467.464965820312,100
"E","SP_List4","7245640","L","H","N",551.861938476562,75
"E","SP_List4","7245640","L","H","Y",763.188232421875,100
"E","SP_List4","7245640","L","V","N",651.368774414062,100
"E","SP_List4","7245640","L","V","Y",720.855224609375,87.5
"E","SP_List4","7245640","S","H","N",624.6318359375,87.5
"E","SP_List4","7245640","S","H","Y",520.347778320312,100
"E","SP_List4","7245640","S","V","N",562.96044921875,87.5
"E","SP_List4","7245640","S","V","Y",630.525268554688,100
"E","SP_List4","7311671","L","H","N",773.705078125,87.5
"E","SP_List4","7311671","L","H","Y",918.574951171875,87.5
"E","SP_List4","7311671","L","V","N",955.91748046875,100
"E","SP_List4","7311671","L","V","Y",960.89013671875,75
"E","SP_List4","7311671","S","H","N",814.670166015625,87.5
"E","SP_List4","7311671","S","H","Y",950.742553710938,100
"E","SP_List4","7311671","S","V","N",775.117431640625,100
"E","SP_List4","7311671","S","V","Y",1068.357421875,75
"E","SP_List4","7483916","L","H","N",616.49755859375,100
"E","SP_List4","7483916","L","H","Y",574.50244140625,100
"E","SP_List4","7483916","L","V","N",593.49755859375,100
"E","SP_List4","7483916","L","V","Y",618.5,75
"E","SP_List4","7483916","S","H","N",483,87.5
"E","SP_List4","7483916","S","H","Y",562.00244140625,100
"E","SP_List4","7483916","S","V","N",535.00244140625,100
"E","SP_List4","7483916","S","V","Y",547,100
"E","SP_List4","779337","L","H","N",698.177490234375,100
"E","SP_List4","779337","L","H","Y",806.125122070312,100
"E","SP_List4","779337","L","V","N",758.012451171875,100
"E","SP_List4","779337","L","V","Y",830.525146484375,87.5
"E","SP_List4","779337","S","H","N",640.220092773438,100
"E","SP_List4","779337","S","H","Y",691.537475585938,100
"E","SP_List4","779337","S","V","N",754.9775390625,100
"E","SP_List4","779337","S","V","Y",620.775146484375,87.5
"E","SP_List4","8037171","L","H","N",882.900146484375,87.5
"E","SP_List4","8037171","L","H","Y",863.02490234375,87.5
"E","SP_List4","8037171","L","V","N",860.79248046875,100
"E","SP_List4","8037171","L","V","Y",792.515014648438,100
"E","SP_List4","8037171","S","H","N",536.702392578125,100
"E","SP_List4","8037171","S","H","Y",751.762451171875,100
"E","SP_List4","8037171","S","V","N",926.550048828125,62.5
"E","SP_List4","8037171","S","V","Y",815.56494140625,62.5
"E","SP_List4","8224252","L","H","N",622.005004882812,100
"E","SP_List4","8224252","L","H","Y",805.030029296875,100
"E","SP_List4","8224252","L","V","N",672.364868164062,100
"E","SP_List4","8224252","L","V","Y",623.33740234375,100
"E","SP_List4","8224252","S","H","N",703.64501953125,100
"E","SP_List4","8224252","S","H","Y",648.792602539062,100
"E","SP_List4","8224252","S","V","N",621.949951171875,100
"E","SP_List4","8224252","S","V","Y",652.43994140625,100
"E","SP_List4","8365526","L","H","N",512.764892578125,100
"E","SP_List4","8365526","L","H","Y",609.934936523438,100
"E","SP_List4","8365526","L","V","N",612.802368164062,100
"E","SP_List4","8365526","L","V","Y",644.669921875,100
"E","SP_List4","8365526","S","H","N",684.789794921875,87.5
"E","SP_List4","8365526","S","H","Y",589.907470703125,100
"E","SP_List4","8365526","S","V","N",523.320068359375,100
"E","SP_List4","8365526","S","V","Y",475.107543945312,100
"E","SP_List4","9097430","L","H","N",566.097534179688,100
"E","SP_List4","9097430","L","H","Y",601.920043945312,100
"E","SP_List4","9097430","L","V","N",620.970092773438,100
"E","SP_List4","9097430","L","V","Y",740.009887695312,100
"E","SP_List4","9097430","S","H","N",589.844970703125,87.5
"E","SP_List4","9097430","S","H","Y",577.699951171875,87.5
"E","SP_List4","9097430","S","V","N",547.5498046875,87.5
"E","SP_List4","9097430","S","V","Y",574.192504882812,100
"E","SP_List4","9588010","L","H","N",616.18017578125,100
"E","SP_List4","9588010","L","H","Y",601.800048828125,100
"E","SP_List4","9588010","L","V","N",612.6650390625,87.5
"E","SP_List4","9588010","L","V","Y",580.135009765625,100
"E","SP_List4","9588010","S","H","N",537.5625,100
"E","SP_List4","9588010","S","H","Y",500.390014648438,100
"E","SP_List4","9588010","S","V","N",568.87255859375,100
"E","SP_List4","9588010","S","V","Y",504.650146484375,87.5
"E","SP_List4","9648548","L","H","N",689.49755859375,100
"E","SP_List4","9648548","L","H","Y",660.0048828125,87.5
"E","SP_List4","9648548","L","V","N",615.00244140625,100
"E","SP_List4","9648548","L","V","Y",659.00244140625,100
"E","SP_List4","9648548","S","H","N",647.9951171875,87.5
"E","SP_List4","9648548","S","H","Y",648,62.5
"E","SP_List4","9648548","S","V","N",598,87.5
"E","SP_List4","9648548","S","V","Y",670.00244140625,75
